,S1,S1 unc,S2,S2 unc,S3,S3 unc,V,V unc
H,0.8264840182648402,0.15420547435183043,-0.15853658536585366,0.21064746281500005,-0.0776255707762557,0.2063401895535615,0.8555635626104786,0.20927208448838502
V,-0.9324796274738067,0.10083561092752064,-0.06040268456375839,0.19118988422295166,0.0575139146567718,0.1873399307821839,0.9398587981113571,0.1242789067491569
D,-0.46418338108882523,0.1804271799793028,0.7356143079315708,0.15641260521346703,0.3770260747004933,0.18472807440989653,0.8883403562756682,0.28317730233103544
A,-0.32241250930752047,0.18983802974584238,-0.8071216617210683,0.14240355021503667,-0.3380281690140845,0.1865383349685439,0.8896255844540072,0.25649794111498736
